Weather.Condition,total_accidents,avg_severity
IMC,3788,-0.2822069693769799
UNK,519,-0.30828516377649323
VMC,43467,-0.7285987070651299
